-- phpMyAdmin SQL Dump
-- version 5.0.2
-- https://www.phpmyadmin.net/
--
-- Host: 127.0.0.1
-- Waktu pembuatan: 24 Nov 2020 pada 17.08
-- Versi server: 10.4.11-MariaDB
-- Versi PHP: 7.4.4

SET SQL_MODE = "NO_AUTO_VALUE_ON_ZERO";
START TRANSACTION;
SET time_zone = "+00:00";


/*!40101 SET @OLD_CHARACTER_SET_CLIENT=@@CHARACTER_SET_CLIENT */;
/*!40101 SET @OLD_CHARACTER_SET_RESULTS=@@CHARACTER_SET_RESULTS */;
/*!40101 SET @OLD_COLLATION_CONNECTION=@@COLLATION_CONNECTION */;
/*!40101 SET NAMES utf8mb4 */;

--
-- Database: `kantin`
--

-- --------------------------------------------------------

--
-- Struktur dari tabel `ci_sessions`
--

CREATE TABLE `ci_sessions` (
  `id` varchar(128) NOT NULL,
  `ip_address` varchar(45) NOT NULL,
  `timestamp` int(10) UNSIGNED NOT NULL DEFAULT 0,
  `data` blob NOT NULL
) ENGINE=InnoDB DEFAULT CHARSET=utf8mb4;

--
-- Dumping data untuk tabel `ci_sessions`
--

INSERT INTO `ci_sessions` (`id`, `ip_address`, `timestamp`, `data`) VALUES
('7vv6vv6rquq4fvprakmn1rhsaflivanl', '::1', 1605752154, 0x5f5f63695f6c6173745f726567656e65726174657c693a313630353735323135343b),
('49od39fk9ntjh1q5nkftbqii87n0hobm', '::1', 1605752455, 0x5f5f63695f6c6173745f726567656e65726174657c693a313630353735323435353b7265646972656374696f6e7c4e3b5f5f4143544956455f53455353494f4e5f444154417c733a3235363a223966373164306433333764643866333939326138626234623565303362626561363161633236613963303566333835633538356332343337333833336664313634356634653632643332356438353563306636643866643136313133346661623761383831353265306431346362373264343231613963626261383136383265614442392f657269783674705449747667367771514c7866672f666a6b45797a632b3141344c6b79663578752b34646b4a6d67595a737841316333375a63744f56484e4c596a5543324a42527a45527a454c3938692b634768474b3771583349783231307458775a6c742b696d59516b5046364a505a684730625a3863505835223b),
('q2ugnqi3pfl8p8g7d5ba2onu86sqkcdq', '::1', 1605753349, 0x5f5f63695f6c6173745f726567656e65726174657c693a313630353735333334393b7265646972656374696f6e7c4e3b5f5f4143544956455f53455353494f4e5f444154417c733a3235363a223966373164306433333764643866333939326138626234623565303362626561363161633236613963303566333835633538356332343337333833336664313634356634653632643332356438353563306636643866643136313133346661623761383831353265306431346362373264343231613963626261383136383265614442392f657269783674705449747667367771514c7866672f666a6b45797a632b3141344c6b79663578752b34646b4a6d67595a737841316333375a63744f56484e4c596a5543324a42527a45527a454c3938692b634768474b3771583349783231307458775a6c742b696d59516b5046364a505a684730625a3863505835223b),
('tkhlldh540htk1cfbr2tl162ttf1evjm', '::1', 1605753581, 0x5f5f63695f6c6173745f726567656e65726174657c693a313630353735333334393b7265646972656374696f6e7c4e3b),
('713urrbf54s4148lj2kv2rdkste3vd9p', '127.0.0.1', 1605943106, 0x5f5f63695f6c6173745f726567656e65726174657c693a313630353934333130363b),
('fo6s9o80oasn4jesq99vk4c3t2erulu7', '::1', 1605945040, 0x5f5f63695f6c6173745f726567656e65726174657c693a313630353934353034303b),
('ojqsjrtbc157dk6cvdpmrqcoidaj3p5m', '::1', 1605946453, 0x5f5f63695f6c6173745f726567656e65726174657c693a313630353934363435333b),
('33rq348b6u1ojrk8v2kvvrd2lagvhrh5', '::1', 1605946837, 0x5f5f63695f6c6173745f726567656e65726174657c693a313630353934363833373b),
('4j36fv82pftj0oun4usfcomf0p5cnhcc', '::1', 1605946969, 0x5f5f63695f6c6173745f726567656e65726174657c693a313630353934363833373b),
('iic0kothf802jh1nhgsupscqb4hgbbms', '::1', 1606012663, 0x5f5f63695f6c6173745f726567656e65726174657c693a313630363031323636313b),
('cl9ta1i8c25oc9kjmr77np1ggi4ihokh', '::1', 1606029109, 0x5f5f63695f6c6173745f726567656e65726174657c693a313630363032393130393b),
('ftt5ohe2bbjsl3rl023vsr29rnd4vei5', '::1', 1606029414, 0x5f5f63695f6c6173745f726567656e65726174657c693a313630363032393431343b),
('ltgimkaq9vqpoc8rg00mive8r4atee48', '::1', 1606029821, 0x5f5f63695f6c6173745f726567656e65726174657c693a313630363032393832313b),
('lsngj82pe15el27fohipga56smjg4v5q', '::1', 1606031491, 0x5f5f63695f6c6173745f726567656e65726174657c693a313630363033313439313b7265646972656374696f6e7c4e3b5f5f4143544956455f53455353494f4e5f444154417c733a3235363a2237323136633231666130333562303039333630336531623032373237613862623732316263316332393131363031313066313335666432323934386166333031663265393761333232626264333665643032373339613762653634303938376530633363356562633539616631353966303536633436366438306664383038336f3873446f4b6448656367427250644f624f526264555a3032706e6451312f7a694548363259333278474b613173707463384f52424230647a654148506f504f45664e4e3252627a7037397a4f787a54344b51622f704a755538575031484a6b745a6d6f4e30473942574e6e51565263774e62646b41537857484e4449346c48223b),
('kqfe7bbusemi6r1hcdc3ketmtv45i6r9', '::1', 1606031887, 0x5f5f63695f6c6173745f726567656e65726174657c693a313630363033313838373b7265646972656374696f6e7c4e3b5f5f4143544956455f53455353494f4e5f444154417c733a3235363a2237323136633231666130333562303039333630336531623032373237613862623732316263316332393131363031313066313335666432323934386166333031663265393761333232626264333665643032373339613762653634303938376530633363356562633539616631353966303536633436366438306664383038336f3873446f4b6448656367427250644f624f526264555a3032706e6451312f7a694548363259333278474b613173707463384f52424230647a654148506f504f45664e4e3252627a7037397a4f787a54344b51622f704a755538575031484a6b745a6d6f4e30473942574e6e51565263774e62646b41537857484e4449346c48223b),
('bo2jou3nr1gronv7v12lroebgn6f9118', '::1', 1606032257, 0x5f5f63695f6c6173745f726567656e65726174657c693a313630363033323235373b7265646972656374696f6e7c4e3b5f5f4143544956455f53455353494f4e5f444154417c733a3235363a2237323136633231666130333562303039333630336531623032373237613862623732316263316332393131363031313066313335666432323934386166333031663265393761333232626264333665643032373339613762653634303938376530633363356562633539616631353966303536633436366438306664383038336f3873446f4b6448656367427250644f624f526264555a3032706e6451312f7a694548363259333278474b613173707463384f52424230647a654148506f504f45664e4e3252627a7037397a4f787a54344b51622f704a755538575031484a6b745a6d6f4e30473942574e6e51565263774e62646b41537857484e4449346c48223b),
('antcjnfc53rb3mgp21kcp8ot9q4pvsb5', '::1', 1606032655, 0x5f5f63695f6c6173745f726567656e65726174657c693a313630363033323635353b7265646972656374696f6e7c4e3b5f5f4143544956455f53455353494f4e5f444154417c733a3235363a2237323136633231666130333562303039333630336531623032373237613862623732316263316332393131363031313066313335666432323934386166333031663265393761333232626264333665643032373339613762653634303938376530633363356562633539616631353966303536633436366438306664383038336f3873446f4b6448656367427250644f624f526264555a3032706e6451312f7a694548363259333278474b613173707463384f52424230647a654148506f504f45664e4e3252627a7037397a4f787a54344b51622f704a755538575031484a6b745a6d6f4e30473942574e6e51565263774e62646b41537857484e4449346c48223b),
('cqav1vsn08cae8o0e6kpk3o1lmvihbmk', '::1', 1606032986, 0x5f5f63695f6c6173745f726567656e65726174657c693a313630363033323938363b7265646972656374696f6e7c4e3b5f5f4143544956455f53455353494f4e5f444154417c733a3235363a2237323136633231666130333562303039333630336531623032373237613862623732316263316332393131363031313066313335666432323934386166333031663265393761333232626264333665643032373339613762653634303938376530633363356562633539616631353966303536633436366438306664383038336f3873446f4b6448656367427250644f624f526264555a3032706e6451312f7a694548363259333278474b613173707463384f52424230647a654148506f504f45664e4e3252627a7037397a4f787a54344b51622f704a755538575031484a6b745a6d6f4e30473942574e6e51565263774e62646b41537857484e4449346c48223b),
('up8o4ma3teqb51cls4uda1hi1u0o410i', '::1', 1606033335, 0x5f5f63695f6c6173745f726567656e65726174657c693a313630363033333333353b7265646972656374696f6e7c4e3b5f5f4143544956455f53455353494f4e5f444154417c733a3235363a2237323136633231666130333562303039333630336531623032373237613862623732316263316332393131363031313066313335666432323934386166333031663265393761333232626264333665643032373339613762653634303938376530633363356562633539616631353966303536633436366438306664383038336f3873446f4b6448656367427250644f624f526264555a3032706e6451312f7a694548363259333278474b613173707463384f52424230647a654148506f504f45664e4e3252627a7037397a4f787a54344b51622f704a755538575031484a6b745a6d6f4e30473942574e6e51565263774e62646b41537857484e4449346c48223b),
('o5jgsse5lj98vkfjv2oclntqk5ui4r5f', '::1', 1606033636, 0x5f5f63695f6c6173745f726567656e65726174657c693a313630363033333633363b7265646972656374696f6e7c4e3b5f5f4143544956455f53455353494f4e5f444154417c733a3235363a2237323136633231666130333562303039333630336531623032373237613862623732316263316332393131363031313066313335666432323934386166333031663265393761333232626264333665643032373339613762653634303938376530633363356562633539616631353966303536633436366438306664383038336f3873446f4b6448656367427250644f624f526264555a3032706e6451312f7a694548363259333278474b613173707463384f52424230647a654148506f504f45664e4e3252627a7037397a4f787a54344b51622f704a755538575031484a6b745a6d6f4e30473942574e6e51565263774e62646b41537857484e4449346c48223b),
('319jugtgbeopb86okfvaiebmcc9iqu3f', '::1', 1606033947, 0x5f5f63695f6c6173745f726567656e65726174657c693a313630363033333934373b7265646972656374696f6e7c4e3b5f5f4143544956455f53455353494f4e5f444154417c733a3235363a2237323136633231666130333562303039333630336531623032373237613862623732316263316332393131363031313066313335666432323934386166333031663265393761333232626264333665643032373339613762653634303938376530633363356562633539616631353966303536633436366438306664383038336f3873446f4b6448656367427250644f624f526264555a3032706e6451312f7a694548363259333278474b613173707463384f52424230647a654148506f504f45664e4e3252627a7037397a4f787a54344b51622f704a755538575031484a6b745a6d6f4e30473942574e6e51565263774e62646b41537857484e4449346c48223b),
('oj0dnlb69lo26g496oo92hh18akvl4ko', '::1', 1606034285, 0x5f5f63695f6c6173745f726567656e65726174657c693a313630363033343238353b7265646972656374696f6e7c4e3b5f5f4143544956455f53455353494f4e5f444154417c733a3235363a2237323136633231666130333562303039333630336531623032373237613862623732316263316332393131363031313066313335666432323934386166333031663265393761333232626264333665643032373339613762653634303938376530633363356562633539616631353966303536633436366438306664383038336f3873446f4b6448656367427250644f624f526264555a3032706e6451312f7a694548363259333278474b613173707463384f52424230647a654148506f504f45664e4e3252627a7037397a4f787a54344b51622f704a755538575031484a6b745a6d6f4e30473942574e6e51565263774e62646b41537857484e4449346c48223b),
('6h9vr7uelth6iaunl9b4rr579il3gu8g', '::1', 1606034624, 0x5f5f63695f6c6173745f726567656e65726174657c693a313630363033343632343b7265646972656374696f6e7c4e3b5f5f4143544956455f53455353494f4e5f444154417c733a3235363a2237323136633231666130333562303039333630336531623032373237613862623732316263316332393131363031313066313335666432323934386166333031663265393761333232626264333665643032373339613762653634303938376530633363356562633539616631353966303536633436366438306664383038336f3873446f4b6448656367427250644f624f526264555a3032706e6451312f7a694548363259333278474b613173707463384f52424230647a654148506f504f45664e4e3252627a7037397a4f787a54344b51622f704a755538575031484a6b745a6d6f4e30473942574e6e51565263774e62646b41537857484e4449346c48223b),
('ld24kpda6qrtt4hbafejp8i8h7vih1qd', '::1', 1606034975, 0x5f5f63695f6c6173745f726567656e65726174657c693a313630363033343937353b7265646972656374696f6e7c4e3b5f5f4143544956455f53455353494f4e5f444154417c733a3235363a2237323136633231666130333562303039333630336531623032373237613862623732316263316332393131363031313066313335666432323934386166333031663265393761333232626264333665643032373339613762653634303938376530633363356562633539616631353966303536633436366438306664383038336f3873446f4b6448656367427250644f624f526264555a3032706e6451312f7a694548363259333278474b613173707463384f52424230647a654148506f504f45664e4e3252627a7037397a4f787a54344b51622f704a755538575031484a6b745a6d6f4e30473942574e6e51565263774e62646b41537857484e4449346c48223b),
('cql8l3jhskatulf7siv1jljado93k9rm', '::1', 1606035276, 0x5f5f63695f6c6173745f726567656e65726174657c693a313630363033353237363b7265646972656374696f6e7c4e3b5f5f4143544956455f53455353494f4e5f444154417c733a3235363a2237323136633231666130333562303039333630336531623032373237613862623732316263316332393131363031313066313335666432323934386166333031663265393761333232626264333665643032373339613762653634303938376530633363356562633539616631353966303536633436366438306664383038336f3873446f4b6448656367427250644f624f526264555a3032706e6451312f7a694548363259333278474b613173707463384f52424230647a654148506f504f45664e4e3252627a7037397a4f787a54344b51622f704a755538575031484a6b745a6d6f4e30473942574e6e51565263774e62646b41537857484e4449346c48223b),
('vt23oev0ka713vnism5touq6k91poh50', '::1', 1606035577, 0x5f5f63695f6c6173745f726567656e65726174657c693a313630363033353537373b7265646972656374696f6e7c4e3b5f5f4143544956455f53455353494f4e5f444154417c733a3235363a2230626439383961663735633762383234376362343637626230383935333961616333373837653830356338316532303539653233336634383030373363383737623333323966653739656665663433333665623735366134663432363132383131616131306233336265363435306666313233323863626237346131323462664e52776d516677754951424831424a6d4e364e68596f432b2b6a3757477a74547162554b536363704e776e6b3467756d426d5846594a4c702f4b397a675351696332714a7a4936413872494d677a55345734486372567151594a6c4971575566687874707631567957374868446a437a702b36787243624464744844366c4655223b),
('v8fgbsfe3uolie1b82ml3730i9g7jss6', '::1', 1606035963, 0x5f5f63695f6c6173745f726567656e65726174657c693a313630363033353936333b7265646972656374696f6e7c733a37323a226148523063446f764c327876593246736147397a6443394c51553555535535665430354d535535464c326c755a4756344c6e426f634339685a47317062693976636d526c636e4d3d223b5f5f4143544956455f53455353494f4e5f444154417c733a3235363a2230626439383961663735633762383234376362343637626230383935333961616333373837653830356338316532303539653233336634383030373363383737623333323966653739656665663433333665623735366134663432363132383131616131306233336265363435306666313233323863626237346131323462664e52776d516677754951424831424a6d4e364e68596f432b2b6a3757477a74547162554b536363704e776e6b3467756d426d5846594a4c702f4b397a675351696332714a7a4936413872494d677a55345734486372567151594a6c4971575566687874707631567957374868446a437a702b36787243624464744844366c4655223b),
('ks4a0l618ogfgmcqptnp7ppf4ljb5g8f', '::1', 1606036154, 0x5f5f63695f6c6173745f726567656e65726174657c693a313630363033363135343b5f5f4143544956455f53455353494f4e5f444154417c733a3235363a223063373636636164323937613939306631316364623039316130373133613065373732646235316363313062383461373433326139323364353630646566303461393334303064343062353531663937323662623639363330373939613734646337643538393039643733316533633835373937613330653730363664353936384a383359476b4456684c654a7359596b6d7a454255335577537a345562712b6142435348484952392b674e6651487945696b626243516a327a753075785771475542643137366e71426c3350745a7763487a2f31304948594d727378653371752f4e6d6a73663175764563502f734137594e45532b6c7a6d2f435876714947223b),
('j5cs32a04vsi8552taik5ocs3lcqg7e4', '::1', 1606039030, 0x5f5f63695f6c6173745f726567656e65726174657c693a313630363033393033303b7265646972656374696f6e7c733a37323a226148523063446f764c327876593246736147397a6443394c51553555535535665430354d535535464c326c755a4756344c6e426f634339685a47317062693976636d526c636e4d3d223b5f5f4143544956455f53455353494f4e5f444154417c733a3235363a2230626439383961663735633762383234376362343637626230383935333961616333373837653830356338316532303539653233336634383030373363383737623333323966653739656665663433333665623735366134663432363132383131616131306233336265363435306666313233323863626237346131323462664e52776d516677754951424831424a6d4e364e68596f432b2b6a3757477a74547162554b536363704e776e6b3467756d426d5846594a4c702f4b397a675351696332714a7a4936413872494d677a55345734486372567151594a6c4971575566687874707631567957374868446a437a702b36787243624464744844366c4655223b),
('kd59mkdt6rs49u1d8o9huul63l8td00i', '::1', 1606036170, 0x5f5f63695f6c6173745f726567656e65726174657c693a313630363033363135343b5f5f4143544956455f53455353494f4e5f444154417c733a3235363a223063373636636164323937613939306631316364623039316130373133613065373732646235316363313062383461373433326139323364353630646566303461393334303064343062353531663937323662623639363330373939613734646337643538393039643733316533633835373937613330653730363664353936384a383359476b4456684c654a7359596b6d7a454255335577537a345562712b6142435348484952392b674e6651487945696b626243516a327a753075785771475542643137366e71426c3350745a7763487a2f31304948594d727378653371752f4e6d6a73663175764563502f734137594e45532b6c7a6d2f435876714947223b),
('5ajcnbdvu5htuuor0tb3iib0ltc61mhk', '::1', 1606039040, 0x5f5f63695f6c6173745f726567656e65726174657c693a313630363033393033303b7265646972656374696f6e7c733a37323a226148523063446f764c327876593246736147397a6443394c51553555535535665430354d535535464c326c755a4756344c6e426f634339685a47317062693976636d526c636e4d3d223b5f5f4143544956455f53455353494f4e5f444154417c733a3235363a2230626439383961663735633762383234376362343637626230383935333961616333373837653830356338316532303539653233336634383030373363383737623333323966653739656665663433333665623735366134663432363132383131616131306233336265363435306666313233323863626237346131323462664e52776d516677754951424831424a6d4e364e68596f432b2b6a3757477a74547162554b536363704e776e6b3467756d426d5846594a4c702f4b397a675351696332714a7a4936413872494d677a55345734486372567151594a6c4971575566687874707631567957374868446a437a702b36787243624464744844366c4655223b),
('4nidb61stbpi19vcjonnlcoj618t7omf', '::1', 1606101619, 0x5f5f63695f6c6173745f726567656e65726174657c693a313630363130313631393b),
('njkpmacvg9il0eppubans9rii6mre4it', '::1', 1606102435, 0x5f5f63695f6c6173745f726567656e65726174657c693a313630363130323433353b),
('f74u0vvds1ov3c0e0t6e4aehmlaoc381', '::1', 1606105624, 0x5f5f63695f6c6173745f726567656e65726174657c693a313630363130353632343b7265646972656374696f6e7c4e3b5f5f4143544956455f53455353494f4e5f444154417c733a3235363a223464326230383261343938616637366230323365323434396639336466613133336631663264386639303262623461616234363133303131356230396435313164306533386536306263396134616531373031313734376137643030653261376362663538373264626164346164323034386262393165373030393938623435572f4a5a72544c65773470725957676756412b2f6e6a6e397a44544e636c714f70597a456d315554567a63526a4648756d486436754f335570513057354e30435779364f5a3159665539414675345a715048617969626643776c655a71735a75457430436a4a3555366f6c544973714b387536727246336a546633546157492f223b),
('91efg69b76m4hc57t64t0rqluiefs4o6', '::1', 1606112474, 0x5f5f63695f6c6173745f726567656e65726174657c693a313630363131323437343b7265646972656374696f6e7c4e3b5f5f4143544956455f53455353494f4e5f444154417c733a3235363a226337616461393834323337383361356336656534353761323362653761396164633966663066313261353235326231373036303532306138656464383664356132613833616161643565313232653430623934373761626339376537363265313432323737633034373936316439643163653530653830666434616130366532766a446a706e75437247624c4c724e56634d56596e76736c41507230614c505a4c754c6d7879594e7a6b516d3378354b71676d474d6f6e6f597854756a72396737724e314e7165753971536f356a423375496a366b544974396351424274724c316d6e4c49697272642f7a4c344c6b6f304e667a705271306c34592b73414d6c223b),
('dbknegdbhd9j3h4m01cbnp936lk067fo', '::1', 1606112813, 0x5f5f63695f6c6173745f726567656e65726174657c693a313630363131323831333b7265646972656374696f6e7c4e3b5f5f4143544956455f53455353494f4e5f444154417c733a3235363a226337616461393834323337383361356336656534353761323362653761396164633966663066313261353235326231373036303532306138656464383664356132613833616161643565313232653430623934373761626339376537363265313432323737633034373936316439643163653530653830666434616130366532766a446a706e75437247624c4c724e56634d56596e76736c41507230614c505a4c754c6d7879594e7a6b516d3378354b71676d474d6f6e6f597854756a72396737724e314e7165753971536f356a423375496a366b544974396351424274724c316d6e4c49697272642f7a4c344c6b6f304e667a705271306c34592b73414d6c223b),
('1155e0qmtl41f68udq933sr82p29ians', '::1', 1606113240, 0x5f5f63695f6c6173745f726567656e65726174657c693a313630363131333234303b7265646972656374696f6e7c4e3b5f5f4143544956455f53455353494f4e5f444154417c733a3235363a226337616461393834323337383361356336656534353761323362653761396164633966663066313261353235326231373036303532306138656464383664356132613833616161643565313232653430623934373761626339376537363265313432323737633034373936316439643163653530653830666434616130366532766a446a706e75437247624c4c724e56634d56596e76736c41507230614c505a4c754c6d7879594e7a6b516d3378354b71676d474d6f6e6f597854756a72396737724e314e7165753971536f356a423375496a366b544974396351424274724c316d6e4c49697272642f7a4c344c6b6f304e667a705271306c34592b73414d6c223b),
('icm426p4qimnc3duuu5uhfqh8o5v4bd4', '::1', 1606114113, 0x5f5f63695f6c6173745f726567656e65726174657c693a313630363131343131333b7265646972656374696f6e7c4e3b5f5f4143544956455f53455353494f4e5f444154417c733a3235363a226337616461393834323337383361356336656534353761323362653761396164633966663066313261353235326231373036303532306138656464383664356132613833616161643565313232653430623934373761626339376537363265313432323737633034373936316439643163653530653830666434616130366532766a446a706e75437247624c4c724e56634d56596e76736c41507230614c505a4c754c6d7879594e7a6b516d3378354b71676d474d6f6e6f597854756a72396737724e314e7165753971536f356a423375496a366b544974396351424274724c316d6e4c49697272642f7a4c344c6b6f304e667a705271306c34592b73414d6c223b),
('lh0fvcmn7bg1fm4uam0mo370rjthlf7k', '::1', 1606114556, 0x5f5f63695f6c6173745f726567656e65726174657c693a313630363131343535363b7265646972656374696f6e7c4e3b5f5f4143544956455f53455353494f4e5f444154417c733a3235363a226337616461393834323337383361356336656534353761323362653761396164633966663066313261353235326231373036303532306138656464383664356132613833616161643565313232653430623934373761626339376537363265313432323737633034373936316439643163653530653830666434616130366532766a446a706e75437247624c4c724e56634d56596e76736c41507230614c505a4c754c6d7879594e7a6b516d3378354b71676d474d6f6e6f597854756a72396737724e314e7165753971536f356a423375496a366b544974396351424274724c316d6e4c49697272642f7a4c344c6b6f304e667a705271306c34592b73414d6c223b),
('vpg3jfgsdgkkrbphvmgs2hvmol0kbtqr', '::1', 1606114879, 0x5f5f63695f6c6173745f726567656e65726174657c693a313630363131343837393b7265646972656374696f6e7c4e3b5f5f4143544956455f53455353494f4e5f444154417c733a3235363a226337616461393834323337383361356336656534353761323362653761396164633966663066313261353235326231373036303532306138656464383664356132613833616161643565313232653430623934373761626339376537363265313432323737633034373936316439643163653530653830666434616130366532766a446a706e75437247624c4c724e56634d56596e76736c41507230614c505a4c754c6d7879594e7a6b516d3378354b71676d474d6f6e6f597854756a72396737724e314e7165753971536f356a423375496a366b544974396351424274724c316d6e4c49697272642f7a4c344c6b6f304e667a705271306c34592b73414d6c223b636172745f636f6e74656e74737c613a333a7b733a31303a22636172745f746f74616c223b643a32303030303b733a31313a22746f74616c5f6974656d73223b643a323b733a33323a226534646133623766626263653233343564373737326230363734613331386435223b613a363a7b733a323a226964223b733a313a2235223b733a333a22717479223b643a323b733a353a227072696365223b643a31303030303b733a343a226e616d65223b733a31353a22426f626120427562626c652047756d223b733a353a22726f776964223b733a33323a226534646133623766626263653233343564373737326230363734613331386435223b733a383a22737562746f74616c223b643a32303030303b7d7d),
('7u7pdnkr0g75crujfn3skmlbrg75e37d', '::1', 1606115313, 0x5f5f63695f6c6173745f726567656e65726174657c693a313630363131353331333b7265646972656374696f6e7c4e3b5f5f4143544956455f53455353494f4e5f444154417c733a3235363a226337616461393834323337383361356336656534353761323362653761396164633966663066313261353235326231373036303532306138656464383664356132613833616161643565313232653430623934373761626339376537363265313432323737633034373936316439643163653530653830666434616130366532766a446a706e75437247624c4c724e56634d56596e76736c41507230614c505a4c754c6d7879594e7a6b516d3378354b71676d474d6f6e6f597854756a72396737724e314e7165753971536f356a423375496a366b544974396351424274724c316d6e4c49697272642f7a4c344c6b6f304e667a705271306c34592b73414d6c223b636172745f636f6e74656e74737c613a333a7b733a31303a22636172745f746f74616c223b643a32303030303b733a31313a22746f74616c5f6974656d73223b643a323b733a33323a226534646133623766626263653233343564373737326230363734613331386435223b613a363a7b733a323a226964223b733a313a2235223b733a333a22717479223b643a323b733a353a227072696365223b643a31303030303b733a343a226e616d65223b733a31353a22426f626120427562626c652047756d223b733a353a22726f776964223b733a33323a226534646133623766626263653233343564373737326230363734613331386435223b733a383a22737562746f74616c223b643a32303030303b7d7d),
('39u3a81sg36dq2k4oem8thqusensnj1q', '::1', 1606115621, 0x5f5f63695f6c6173745f726567656e65726174657c693a313630363131353632313b7265646972656374696f6e7c4e3b5f5f4143544956455f53455353494f4e5f444154417c733a3235363a2262336231376263323235646432646137633937303066383132393566393836396634616532343466376561643537613738336661356461353431383663326538656164386131643364633330386330613133303139363135333666643931626562383239616133306639626162373931363531353633646233333836326166636f6d48736e3471635245384176667538627334476a75592b645867376934463842417554634c3663434750704c4b6d6a644b454947704a354f5657416f646443367064704e584249597a73726e6e465274676c514d53585279743049586d376f517343532b597a3354476173574c564c5437556b55302f796d432b6c6d716370223b636172745f636f6e74656e74737c613a333a7b733a31303a22636172745f746f74616c223b643a32303030303b733a31313a22746f74616c5f6974656d73223b643a323b733a33323a226534646133623766626263653233343564373737326230363734613331386435223b613a363a7b733a323a226964223b733a313a2235223b733a333a22717479223b643a323b733a353a227072696365223b643a31303030303b733a343a226e616d65223b733a31353a22426f626120427562626c652047756d223b733a353a22726f776964223b733a33323a226534646133623766626263653233343564373737326230363734613331386435223b733a383a22737562746f74616c223b643a32303030303b7d7d),
('qr9cvk69japiatci8piddjobdmepi9ha', '::1', 1606116039, 0x5f5f63695f6c6173745f726567656e65726174657c693a313630363131363033393b7265646972656374696f6e7c4e3b5f5f4143544956455f53455353494f4e5f444154417c733a3235363a2262336231376263323235646432646137633937303066383132393566393836396634616532343466376561643537613738336661356461353431383663326538656164386131643364633330386330613133303139363135333666643931626562383239616133306639626162373931363531353633646233333836326166636f6d48736e3471635245384176667538627334476a75592b645867376934463842417554634c3663434750704c4b6d6a644b454947704a354f5657416f646443367064704e584249597a73726e6e465274676c514d53585279743049586d376f517343532b597a3354476173574c564c5437556b55302f796d432b6c6d716370223b636172745f636f6e74656e74737c613a333a7b733a31303a22636172745f746f74616c223b643a32303030303b733a31313a22746f74616c5f6974656d73223b643a323b733a33323a226534646133623766626263653233343564373737326230363734613331386435223b613a363a7b733a323a226964223b733a313a2235223b733a333a22717479223b643a323b733a353a227072696365223b643a31303030303b733a343a226e616d65223b733a31353a22426f626120427562626c652047756d223b733a353a22726f776964223b733a33323a226534646133623766626263653233343564373737326230363734613331386435223b733a383a22737562746f74616c223b643a32303030303b7d7d),
('98fb2c3levepq09ms593ejb7v77va4ls', '::1', 1606116293, 0x5f5f63695f6c6173745f726567656e65726174657c693a313630363131363033393b7265646972656374696f6e7c4e3b5f5f4143544956455f53455353494f4e5f444154417c733a3235363a2262336231376263323235646432646137633937303066383132393566393836396634616532343466376561643537613738336661356461353431383663326538656164386131643364633330386330613133303139363135333666643931626562383239616133306639626162373931363531353633646233333836326166636f6d48736e3471635245384176667538627334476a75592b645867376934463842417554634c3663434750704c4b6d6a644b454947704a354f5657416f646443367064704e584249597a73726e6e465274676c514d53585279743049586d376f517343532b597a3354476173574c564c5437556b55302f796d432b6c6d716370223b636172745f636f6e74656e74737c613a333a7b733a31303a22636172745f746f74616c223b643a32303030303b733a31313a22746f74616c5f6974656d73223b643a323b733a33323a226534646133623766626263653233343564373737326230363734613331386435223b613a363a7b733a323a226964223b733a313a2235223b733a333a22717479223b643a323b733a353a227072696365223b643a31303030303b733a343a226e616d65223b733a31353a22426f626120427562626c652047756d223b733a353a22726f776964223b733a33323a226534646133623766626263653233343564373737326230363734613331386435223b733a383a22737562746f74616c223b643a32303030303b7d7d),
('7880pmao649nfma2flv37ptsvfcnkl20', '::1', 1606202964, 0x5f5f63695f6c6173745f726567656e65726174657c693a313630363230323936343b),
('tb2o4a1m4efpla01amdqhh5e1447c31n', '::1', 1606203906, 0x5f5f63695f6c6173745f726567656e65726174657c693a313630363230333930363b),
('lmovm4dq4knc6gv0depvda9gtnc6c31a', '::1', 1606204211, 0x5f5f63695f6c6173745f726567656e65726174657c693a313630363230343231313b),
('msp4t4t2cm8jcjo433tfmfigo3dnjmic', '::1', 1606204588, 0x5f5f63695f6c6173745f726567656e65726174657c693a313630363230343538383b),
('69224rs5o3uohcgf3gl8h9l2o2usvh9u', '::1', 1606204928, 0x5f5f63695f6c6173745f726567656e65726174657c693a313630363230343932383b),
('d8umgfip1mke4f4alqj71lpdvfi6a8qc', '::1', 1606210305, 0x5f5f63695f6c6173745f726567656e65726174657c693a313630363231303330353b),
('ogt2dq4rbv0qjk7ju0f0qjbe13u5tflg', '::1', 1606212185, 0x5f5f63695f6c6173745f726567656e65726174657c693a313630363231323138353b),
('jf723fnc9oaa06t1mhgrpc8e5135ui7a', '::1', 1606215670, 0x5f5f63695f6c6173745f726567656e65726174657c693a313630363231353637303b),
('eee7t25a3gp443igni97qd0k1ks8jbgl', '::1', 1606216140, 0x5f5f63695f6c6173745f726567656e65726174657c693a313630363231363134303b),
('62va6lmlcqtho4eljnuaeejoonci1u8g', '::1', 1606217313, 0x5f5f63695f6c6173745f726567656e65726174657c693a313630363231373331333b),
('j837jdgkspbvrfnk937u79v0ngjn182c', '::1', 1606217313, 0x5f5f63695f6c6173745f726567656e65726174657c693a313630363231373331333b),
('r0norrnladm4oe7f0kobvvn4c4j7baj2', '::1', 1606234099, 0x5f5f63695f6c6173745f726567656e65726174657c693a313630363233343034363b);

-- --------------------------------------------------------

--
-- Struktur dari tabel `contacts`
--

CREATE TABLE `contacts` (
  `id` int(10) NOT NULL,
  `parent_id` int(10) DEFAULT NULL,
  `name` varchar(32) NOT NULL,
  `subject` varchar(128) DEFAULT NULL,
  `email` varchar(64) NOT NULL,
  `message` mediumtext NOT NULL,
  `contact_date` datetime DEFAULT NULL,
  `status` tinyint(1) DEFAULT 1,
  `reply_at` datetime DEFAULT NULL
) ENGINE=InnoDB DEFAULT CHARSET=utf8mb4;

-- --------------------------------------------------------

--
-- Struktur dari tabel `coupons`
--

CREATE TABLE `coupons` (
  `id` bigint(20) NOT NULL,
  `name` varchar(191) NOT NULL,
  `code` varchar(32) NOT NULL,
  `credit` decimal(8,2) NOT NULL,
  `start_date` date NOT NULL,
  `expired_date` date NOT NULL,
  `is_active` tinyint(4) DEFAULT 1
) ENGINE=InnoDB DEFAULT CHARSET=utf8mb4;

--
-- Dumping data untuk tabel `coupons`
--

INSERT INTO `coupons` (`id`, `name`, `code`, `credit`, `start_date`, `expired_date`, `is_active`) VALUES
(1, '#DiRumahAja', 'DIRUMAHAJA19', '5000.00', '2020-11-22', '2020-11-28', 1),
(2, 'Buah Merah Meriah', 'BUAHMERAH', '5000.00', '2020-03-27', '2020-03-30', 0);

-- --------------------------------------------------------

--
-- Struktur dari tabel `customers`
--

CREATE TABLE `customers` (
  `id` bigint(20) NOT NULL,
  `user_id` bigint(20) UNSIGNED DEFAULT NULL,
  `name` varchar(191) NOT NULL,
  `nim` int(15) NOT NULL,
  `phone_number` varchar(32) DEFAULT NULL,
  `address` varchar(191) NOT NULL,
  `profile_picture` varchar(191) DEFAULT NULL
) ENGINE=InnoDB DEFAULT CHARSET=utf8mb4;

--
-- Dumping data untuk tabel `customers`
--

INSERT INTO `customers` (`id`, `user_id`, `name`, `nim`, `phone_number`, `address`, `profile_picture`) VALUES
(8, 10, 'Solikhan', 1895114020, '08585000000', 'Jombang', NULL);

-- --------------------------------------------------------

--
-- Struktur dari tabel `orders`
--

CREATE TABLE `orders` (
  `id` bigint(20) NOT NULL,
  `user_id` bigint(20) UNSIGNED DEFAULT NULL,
  `coupon_id` bigint(20) DEFAULT NULL,
  `order_number` varchar(16) NOT NULL,
  `order_status` enum('1','2','3','4','5') DEFAULT '1',
  `order_date` datetime NOT NULL,
  `total_price` decimal(8,2) DEFAULT NULL,
  `total_items` int(10) DEFAULT NULL,
  `payment_method` int(11) DEFAULT 1,
  `delivery_data` text DEFAULT NULL,
  `delivered_date` datetime DEFAULT NULL,
  `finish_date` datetime DEFAULT NULL
) ENGINE=InnoDB DEFAULT CHARSET=utf8mb4;

--
-- Dumping data untuk tabel `orders`
--

INSERT INTO `orders` (`id`, `user_id`, `coupon_id`, `order_number`, `order_status`, `order_date`, `total_price`, `total_items`, `payment_method`, `delivery_data`, `delivered_date`, `finish_date`) VALUES
(10, 10, NULL, 'ZMV221120210142', '3', '2020-11-22 10:00:44', '20000.00', 2, 2, '{\"customer\":{\"name\":\"Solikhan\",\"phone_number\":\"08585000000\",\"address\":\"Jombang\"},\"note\":\"Jangan lupa sedotannya ya kak\"}', NULL, NULL);

-- --------------------------------------------------------

--
-- Struktur dari tabel `order_item`
--

CREATE TABLE `order_item` (
  `id` bigint(20) NOT NULL,
  `order_id` bigint(20) DEFAULT NULL,
  `product_id` bigint(20) DEFAULT NULL,
  `order_qty` int(10) NOT NULL,
  `order_price` decimal(8,2) DEFAULT NULL
) ENGINE=InnoDB DEFAULT CHARSET=utf8mb4;

--
-- Dumping data untuk tabel `order_item`
--

INSERT INTO `order_item` (`id`, `order_id`, `product_id`, `order_qty`, `order_price`) VALUES
(14, 10, 2, 1, '10000.00'),
(15, 10, 4, 1, '10000.00');

-- --------------------------------------------------------

--
-- Struktur dari tabel `payments`
--

CREATE TABLE `payments` (
  `id` bigint(20) NOT NULL,
  `order_id` bigint(20) DEFAULT NULL,
  `payment_price` decimal(8,2) DEFAULT NULL,
  `payment_date` datetime NOT NULL,
  `picture_name` varchar(191) DEFAULT NULL,
  `payment_status` enum('1','2','3') DEFAULT '1',
  `confirmed_date` datetime DEFAULT NULL,
  `payment_data` text DEFAULT NULL
) ENGINE=InnoDB DEFAULT CHARSET=utf8mb4;

--
-- Dumping data untuk tabel `payments`
--

INSERT INTO `payments` (`id`, `order_id`, `payment_price`, `payment_date`, `picture_name`, `payment_status`, `confirmed_date`, `payment_data`) VALUES
(6, 10, '20000.00', '2020-11-22 16:07:01', NULL, '2', '2020-11-22 16:07:01', 'ok');

-- --------------------------------------------------------

--
-- Struktur dari tabel `products`
--

CREATE TABLE `products` (
  `id` bigint(20) NOT NULL,
  `category_id` int(10) DEFAULT NULL,
  `sku` varchar(32) DEFAULT NULL,
  `name` varchar(191) NOT NULL,
  `picture_name` varchar(191) DEFAULT NULL,
  `price` decimal(8,2) NOT NULL,
  `current_discount` decimal(8,2) DEFAULT 0.00,
  `stock` int(10) NOT NULL,
  `product_unit` varchar(32) DEFAULT NULL,
  `is_available` tinyint(1) DEFAULT 1,
  `add_date` datetime DEFAULT NULL
) ENGINE=InnoDB DEFAULT CHARSET=utf8mb4;

--
-- Dumping data untuk tabel `products`
--

INSERT INTO `products` (`id`, `category_id`, `sku`, `name`, `picture_name`, `price`, `current_discount`, `stock`, `product_unit`, `is_available`, `add_date`) VALUES
(1, 2, 'SB750372', 'Boba Dark Choco', 'boba-5.jpg', '10000.00', '0.00', 1, 'Cup ', 10, '2020-11-21 15:02:52'),
(2, 2, 'BS350420', 'Boba Taro', 'boba-3.jpg', '10000.00', '0.00', 1, 'Cup', 10, '2020-11-21 14:44:46'),
(4, 2, 'TS120790', 'Boba Matcha', 'boba-2.jpg', '10000.00', '0.00', 1, 'Cup', 10, '2020-11-21 14:44:46'),
(5, 2, 'WS120811', 'Boba Bubble Gum', 'boba-1.jpg', '10000.00', '0.00', 1, 'Cup', NULL, '2020-11-21 14:44:46'),
(8, 1, 'PS220885', 'Pecel Tumpang', 'pecel-1.jpg', '12000.00', '0.00', 1, 'Porsi', 10, '2020-11-21 15:12:29'),
(9, 2, 'AB450163', 'Sayur Lodeh', 'lodeh-1.jpg', '18000.00', '0.00', 1, 'Porsi', 10, '2020-11-21 15:12:29'),
(10, 4, 'BMS120283', 'Brownis 6 potong', 'brownis-1.jpg', '20000.00', '0.00', 1, 'Box', 5, '2020-11-21 15:18:50'),
(11, 4, 'URS13301', 'Puding 3 layer', 'puding-1.jpg', '15000.00', '0.00', 1, 'Box', 5, '2020-11-21 15:18:50'),
(15, 3, 'SD4001', 'Siomay Salmon', 'dimsum2.jpg', '10000.00', '0.00', 4, 'pcs', 5, '2020-11-22 14:08:25'),
(16, 3, 'SD4002', 'Siomay Jamur', 'dimsum6.jpg', '10000.00', '0.00', 4, 'pcs', 5, '2020-11-22 14:08:25'),
(17, 4, 'SD4003', 'Bakpao Pandan', 'dimsum3.jpg', '10000.00', '0.00', 4, 'pcs', 5, '2020-11-22 14:12:02'),
(18, 4, 'SD4004', 'Mantao ', 'dimsum1.jpg', '10000.00', '0.00', 4, 'pcs', 5, '2020-11-22 14:12:02'),
(19, 3, 'HS14057', 'Hakau', 'dimsum51.jpg', '10000.00', '0.00', 4, 'pcs', 1, '2020-11-23 07:30:57');

-- --------------------------------------------------------

--
-- Struktur dari tabel `product_category`
--

CREATE TABLE `product_category` (
  `id` int(10) NOT NULL,
  `name` varchar(191) NOT NULL
) ENGINE=InnoDB DEFAULT CHARSET=utf8mb4;

--
-- Dumping data untuk tabel `product_category`
--

INSERT INTO `product_category` (`id`, `name`) VALUES
(1, 'Makanan'),
(2, 'Minuman'),
(3, 'Snack'),
(4, 'Roti');

-- --------------------------------------------------------

--
-- Struktur dari tabel `reviews`
--

CREATE TABLE `reviews` (
  `id` bigint(20) NOT NULL,
  `user_id` bigint(20) UNSIGNED DEFAULT NULL,
  `order_id` bigint(20) DEFAULT NULL,
  `title` varchar(191) DEFAULT NULL,
  `review_text` mediumtext NOT NULL,
  `review_date` datetime NOT NULL,
  `status` tinyint(1) NOT NULL DEFAULT 1
) ENGINE=InnoDB DEFAULT CHARSET=utf8mb4;

--
-- Dumping data untuk tabel `reviews`
--

INSERT INTO `reviews` (`id`, `user_id`, `order_id`, `title`, `review_text`, `review_date`, `status`) VALUES
(2, 7, 6, 'Sangat puas', 'Pengiriman cepat dan sayur segar', '2020-03-30 08:31:31', 1),
(3, 7, 5, 'Buah segar', 'Buah segar dan kualitasnya sangat bagus', '2020-03-30 08:33:10', 1);

-- --------------------------------------------------------

--
-- Struktur dari tabel `roles`
--

CREATE TABLE `roles` (
  `id` int(10) NOT NULL,
  `role_name` varchar(191) NOT NULL
) ENGINE=InnoDB DEFAULT CHARSET=utf8mb4;

--
-- Dumping data untuk tabel `roles`
--

INSERT INTO `roles` (`id`, `role_name`) VALUES
(1, 'Admin'),
(2, 'Customer'),
(3, 'Penjual');

-- --------------------------------------------------------

--
-- Struktur dari tabel `settings`
--

CREATE TABLE `settings` (
  `id` int(10) NOT NULL,
  `key` varchar(32) NOT NULL,
  `content` varchar(191) NOT NULL
) ENGINE=InnoDB DEFAULT CHARSET=utf8mb4;

--
-- Dumping data untuk tabel `settings`
--

INSERT INTO `settings` (`id`, `key`, `content`) VALUES
(1, 'current_theme_name', 'vegefoods'),
(2, 'store_name', 'Kantin Online'),
(3, 'store_phone_number', '085850437995'),
(4, 'store_email', 'kantin-unhasy@gmail.com'),
(5, 'store_tagline', 'Harga Pas Belanja Puas'),
(6, 'store_logo', 'Logo.png'),
(7, 'max_product_image_size', '20000'),
(8, 'store_description', 'Kantin Online memudahkan mahasiswa dan mahasiswi Unhasy untuk mencukupi kebutuhan akan makan dan minum selama proses perkuliahan berlangsung.'),
(9, 'store_address', 'Jombang, Jawa Timur'),
(10, 'min_shop_to_free_shipping_cost', '20000'),
(11, 'shipping_cost', '500'),
(12, 'payment_banks', '{\"bri\":{\"bank\":\"BRI\",\"name\":\"Martin Mulyo Syahidin\",\"number\":\"9999-999-99-9\"},\"btn\":{\"bank\":\"BNI\",\"name\":\"Martin Mulyo Syahidin\",\"number\":\"4444-444-44-4\"},\"bni\":{\"bank\":\"BTN\",\"name\":\"Martin M');

-- --------------------------------------------------------

--
-- Struktur dari tabel `users`
--

CREATE TABLE `users` (
  `id` bigint(20) UNSIGNED NOT NULL,
  `name` varchar(50) COLLATE utf8mb4_unicode_ci DEFAULT NULL,
  `email` varchar(191) COLLATE utf8mb4_unicode_ci NOT NULL,
  `email_verified_at` timestamp NULL DEFAULT NULL,
  `username` varchar(16) COLLATE utf8mb4_unicode_ci NOT NULL,
  `password` varchar(191) COLLATE utf8mb4_unicode_ci NOT NULL,
  `profile_picture` varchar(128) COLLATE utf8mb4_unicode_ci DEFAULT NULL,
  `role_id` int(10) DEFAULT 0,
  `register_date` datetime DEFAULT NULL
) ENGINE=InnoDB DEFAULT CHARSET=utf8mb4 COLLATE=utf8mb4_unicode_ci;

--
-- Dumping data untuk tabel `users`
--

INSERT INTO `users` (`id`, `name`, `email`, `email_verified_at`, `username`, `password`, `profile_picture`, `role_id`, `register_date`) VALUES
(8, 'Shella Rahmawati', 'shella@gmail.com', NULL, 'shella', '$2y$10$i6RJgNhKQCMusdjfxuR/9eId1wTIg4Ar0NRD.wycpw05SJ8.kN1dG', NULL, 1, '2020-11-19 03:20:19'),
(10, 'Solikhan', 'solikhan@gmail.com', NULL, 'solikhan', '$2y$10$1w7CSBhr2V1m6TMGHWtI8uH.8Cs5Kz4beA6mclpfamCmW4CShf2vK', NULL, 2, '2020-11-22 09:59:08');

--
-- Indexes for dumped tables
--

--
-- Indeks untuk tabel `ci_sessions`
--
ALTER TABLE `ci_sessions`
  ADD KEY `ci_sessions_timestamp` (`timestamp`);

--
-- Indeks untuk tabel `contacts`
--
ALTER TABLE `contacts`
  ADD PRIMARY KEY (`id`),
  ADD KEY `FK_contacts_contacts` (`parent_id`);

--
-- Indeks untuk tabel `coupons`
--
ALTER TABLE `coupons`
  ADD PRIMARY KEY (`id`);

--
-- Indeks untuk tabel `customers`
--
ALTER TABLE `customers`
  ADD PRIMARY KEY (`id`),
  ADD KEY `FK_customers_users` (`user_id`);

--
-- Indeks untuk tabel `orders`
--
ALTER TABLE `orders`
  ADD PRIMARY KEY (`id`),
  ADD KEY `FK_orders_users` (`user_id`),
  ADD KEY `FK_orders_coupons` (`coupon_id`);

--
-- Indeks untuk tabel `order_item`
--
ALTER TABLE `order_item`
  ADD PRIMARY KEY (`id`),
  ADD KEY `order_id` (`order_id`),
  ADD KEY `product_id` (`product_id`);

--
-- Indeks untuk tabel `payments`
--
ALTER TABLE `payments`
  ADD PRIMARY KEY (`id`),
  ADD KEY `order_id` (`order_id`);

--
-- Indeks untuk tabel `products`
--
ALTER TABLE `products`
  ADD PRIMARY KEY (`id`),
  ADD KEY `FK_products_product_category` (`category_id`);

--
-- Indeks untuk tabel `product_category`
--
ALTER TABLE `product_category`
  ADD PRIMARY KEY (`id`);

--
-- Indeks untuk tabel `reviews`
--
ALTER TABLE `reviews`
  ADD PRIMARY KEY (`id`),
  ADD KEY `FK_reviews_users` (`user_id`),
  ADD KEY `FK_reviews_orders` (`order_id`);

--
-- Indeks untuk tabel `roles`
--
ALTER TABLE `roles`
  ADD PRIMARY KEY (`id`);

--
-- Indeks untuk tabel `settings`
--
ALTER TABLE `settings`
  ADD PRIMARY KEY (`id`) USING BTREE;

--
-- Indeks untuk tabel `users`
--
ALTER TABLE `users`
  ADD PRIMARY KEY (`id`) USING BTREE,
  ADD UNIQUE KEY `users_email_unique` (`email`) USING BTREE,
  ADD KEY `role_id` (`role_id`);

--
-- AUTO_INCREMENT untuk tabel yang dibuang
--

--
-- AUTO_INCREMENT untuk tabel `contacts`
--
ALTER TABLE `contacts`
  MODIFY `id` int(10) NOT NULL AUTO_INCREMENT, AUTO_INCREMENT=3;

--
-- AUTO_INCREMENT untuk tabel `coupons`
--
ALTER TABLE `coupons`
  MODIFY `id` bigint(20) NOT NULL AUTO_INCREMENT, AUTO_INCREMENT=4;

--
-- AUTO_INCREMENT untuk tabel `customers`
--
ALTER TABLE `customers`
  MODIFY `id` bigint(20) NOT NULL AUTO_INCREMENT, AUTO_INCREMENT=9;

--
-- AUTO_INCREMENT untuk tabel `orders`
--
ALTER TABLE `orders`
  MODIFY `id` bigint(20) NOT NULL AUTO_INCREMENT, AUTO_INCREMENT=11;

--
-- AUTO_INCREMENT untuk tabel `order_item`
--
ALTER TABLE `order_item`
  MODIFY `id` bigint(20) NOT NULL AUTO_INCREMENT, AUTO_INCREMENT=16;

--
-- AUTO_INCREMENT untuk tabel `payments`
--
ALTER TABLE `payments`
  MODIFY `id` bigint(20) NOT NULL AUTO_INCREMENT, AUTO_INCREMENT=7;

--
-- AUTO_INCREMENT untuk tabel `products`
--
ALTER TABLE `products`
  MODIFY `id` bigint(20) NOT NULL AUTO_INCREMENT, AUTO_INCREMENT=20;

--
-- AUTO_INCREMENT untuk tabel `product_category`
--
ALTER TABLE `product_category`
  MODIFY `id` int(10) NOT NULL AUTO_INCREMENT, AUTO_INCREMENT=11;

--
-- AUTO_INCREMENT untuk tabel `reviews`
--
ALTER TABLE `reviews`
  MODIFY `id` bigint(20) NOT NULL AUTO_INCREMENT, AUTO_INCREMENT=4;

--
-- AUTO_INCREMENT untuk tabel `roles`
--
ALTER TABLE `roles`
  MODIFY `id` int(10) NOT NULL AUTO_INCREMENT, AUTO_INCREMENT=4;

--
-- AUTO_INCREMENT untuk tabel `settings`
--
ALTER TABLE `settings`
  MODIFY `id` int(10) NOT NULL AUTO_INCREMENT, AUTO_INCREMENT=13;

--
-- AUTO_INCREMENT untuk tabel `users`
--
ALTER TABLE `users`
  MODIFY `id` bigint(20) UNSIGNED NOT NULL AUTO_INCREMENT, AUTO_INCREMENT=11;

--
-- Ketidakleluasaan untuk tabel pelimpahan (Dumped Tables)
--

--
-- Ketidakleluasaan untuk tabel `contacts`
--
ALTER TABLE `contacts`
  ADD CONSTRAINT `FK_contacts_contacts` FOREIGN KEY (`parent_id`) REFERENCES `contacts` (`id`) ON DELETE CASCADE ON UPDATE NO ACTION;

--
-- Ketidakleluasaan untuk tabel `customers`
--
ALTER TABLE `customers`
  ADD CONSTRAINT `FK_customers_users` FOREIGN KEY (`user_id`) REFERENCES `users` (`id`) ON DELETE NO ACTION ON UPDATE CASCADE;

--
-- Ketidakleluasaan untuk tabel `orders`
--
ALTER TABLE `orders`
  ADD CONSTRAINT `FK_orders_coupons` FOREIGN KEY (`coupon_id`) REFERENCES `coupons` (`id`) ON DELETE SET NULL ON UPDATE CASCADE,
  ADD CONSTRAINT `FK_orders_users` FOREIGN KEY (`user_id`) REFERENCES `users` (`id`) ON DELETE NO ACTION ON UPDATE CASCADE;

--
-- Ketidakleluasaan untuk tabel `payments`
--
ALTER TABLE `payments`
  ADD CONSTRAINT `FK_payments_orders` FOREIGN KEY (`order_id`) REFERENCES `orders` (`id`) ON DELETE NO ACTION ON UPDATE NO ACTION;

--
-- Ketidakleluasaan untuk tabel `products`
--
ALTER TABLE `products`
  ADD CONSTRAINT `products_ibfk_1` FOREIGN KEY (`category_id`) REFERENCES `product_category` (`id`) ON DELETE CASCADE ON UPDATE CASCADE;
COMMIT;

/*!40101 SET CHARACTER_SET_CLIENT=@OLD_CHARACTER_SET_CLIENT */;
/*!40101 SET CHARACTER_SET_RESULTS=@OLD_CHARACTER_SET_RESULTS */;
/*!40101 SET COLLATION_CONNECTION=@OLD_COLLATION_CONNECTION */;
